Index,Name,Chrom,Position,A1,A2,A1Frq,A1Effect,SE,VarExplained,Pi1,Pi2,Pi3,Pi4,Pi5,PIP,SNP_A1,SNP_A2,Risk_Allele,SNP_Risk_Allele,Risk_Allele_effect,Bene_Allele,SNP_Bene_Allele,NA10861_WGS,MelanomaMDD_NCI_GSA_NA10861_PC08411_TopMed,MelanomaMDD_NCI_GSA_NA10861_PC08411_HRC,MelanomaMDD_NCI_GSA_NA10861_PC08621_HRC,MelanomaMDD_NCI_GSA_NA10861_PC11092_HRC,MelanomaMDD_NCI_GSA_NA10861_PC11139_HRC
44,rs4842266,12,79951566,A,G,0.696275,0.034213,0.033722,5.44E-05,0.469283,0.001293,0.022095,0.507162,0.000168,0.530717,rs4842266_A,rs4842266_G,A,rs4842266_A,0.034213,G,rs4842266_G,1,1,2,2,2,2
117,rs965652,6,134368953,A,G,0.496475,0.018888,0.029578,3.42E-05,0.673944,0.00837,0.146276,0.171319,9.10E-05,0.326056,rs965652_A,rs965652_G,A,rs965652_A,0.018888,G,rs965652_G,2,2,2,1,2,1
131,rs11755754,6,164325492,G,A,0.399175,0.017493,0.025092,2.52E-05,0.630492,0.009201,0.115149,0.245157,0,0.369508,rs11755754_G,rs11755754_A,G,rs11755754_G,0.017493,A,rs11755754_A,0,0,0,0,1,0
151,rs11614730,12,79925802,A,G,0.6961,0.015212,0.027911,2.35E-05,0.743265,0.003816,0.010194,0.242698,2.80E-05,0.256735,rs11614730_A,rs11614730_G,A,rs11614730_A,0.015212,G,rs11614730_G,1,1,2,2,2,2
257,rs2811687,6,134369822,A,G,0.49795,0.00984,0.023446,1.80E-05,0.825158,0.010116,0.080449,0.058629,0.025649,0.174842,rs2811687_A,rs2811687_G,A,rs2811687_A,0.00984,G,rs2811687_G,2,2,2,1,2,1
319,rs2207441,6,164325217,A,G,0.401375,0.008405,0.018563,1.10E-05,0.855733,0.003961,0.065608,0.072344,0.002353,0.144267,rs2207441_A,rs2207441_G,A,rs2207441_A,0.008405,G,rs2207441_G,0,0,0,0,1,0
354,rs34852247,6,164324711,A,G,0.3735,0.007586,0.020255,1.17E-05,0.869619,0.00538,0.047495,0.077505,1.00E-06,0.130381,rs34852247_A,rs34852247_G,A,rs34852247_A,0.007586,G,rs34852247_G,0,0,0,0,1,0
454,rs3800902,7,2144378,T,C,0.40055,-0.006281,0.019049,8.27E-06,0.842828,0.023333,0.03986,0.092463,0.001517,0.157172,rs3800902_T,rs3800902_C,C,rs3800902_C,0.006281,T,rs3800902_T,2,0,0,0,0,0
460,rs34913183,12,58166590,T,C,0.01115,-0.006232,0.031416,1.09E-06,0.947904,0.020356,0.031027,0.000714,0,0.0520962,rs34913183_T,rs34913183_C,C,rs34913183_C,0.006232,T,rs34913183_T,1,1,2,2,2,2
776,rs8016358,14,80895880,A,C,0.4278,0.0042,0.012595,4.82E-06,0.889891,0.012845,0.041757,0.055316,0.000192,0.110109,rs8016358_A,rs8016358_C,A,rs8016358_A,0.0042,C,rs8016358_C,0,0,1,1,1,0
841,rs4842318,12,80044167,T,C,0.69655,0.003971,0.015281,5.64E-06,0.938802,0.005961,0.010506,0.043901,0.00083,0.0611977,rs4842318_T,rs4842318_C,T,rs4842318_T,0.003971,C,rs4842318_C,1,1,2,2,2,2
867,rs8176822,12,80048478,T,C,0.696575,0.00386,0.015743,5.94E-06,0.94649,0.003356,0.007991,0.04202,0.000142,0.0535097,rs8176822_T,rs8176822_C,T,rs8176822_T,0.00386,C,rs8176822_C,1,1,2,2,2,2
897,rs2253480,7,6686780,C,T,0.9577,0.003743,0.01928,9.60E-07,0.939404,0.02484,0.03496,0.000573,0.000224,0.0605963,rs2253480_C,rs2253480_T,C,rs2253480_C,0.003743,T,rs2253480_T,1,1,2,2,2,2